country,city,lat,lon,metric,jan,feb,mar,apr,may,jun,jul,aug,sep,oct,nov,dec,annual,source_url
India,Alephata,19.18,74.11,PVOUT_kWh_per_kWp_day,5.11,5.27,5.11,4.83,4.46,3.35,2.65,2.93,3.36,4.35,4.68,4.82,4.23589041,https://re.jrc.ec.europa.eu/api/v5_3/PVcalc?lat=19.18&lon=74.11&peakpower=1&loss=14&outputformat=json&raddatabase=PVGIS-ERA5&optimalangles=1
India,Pune,18.52,73.86,PVOUT_kWh_per_kWp_day,5.12,5.3,5.06,4.76,4.4,3.13,2.43,2.73,3.21,4.22,4.66,4.83,4.1469863,https://re.jrc.ec.europa.eu/api/v5_3/PVcalc?lat=18.52&lon=73.86&peakpower=1&loss=14&outputformat=json&raddatabase=PVGIS-ERA5&optimalangles=1
India,Mumbai,19.08,72.88,PVOUT_kWh_per_kWp_day,5.21,5.38,5.25,4.98,4.45,3.03,2.23,2.65,3.19,4.32,4.71,4.84,4.17835616,https://re.jrc.ec.europa.eu/api/v5_3/PVcalc?lat=19.08&lon=72.88&peakpower=1&loss=14&outputformat=json&raddatabase=PVGIS-ERA5&optimalangles=1
India,Nagpur,21.15,79.09,PVOUT_kWh_per_kWp_day,4.92,5.13,4.98,4.75,4.3,3.33,2.33,2.57,3.35,4.39,4.68,4.81,4.12054795,https://re.jrc.ec.europa.eu/api/v5_3/PVcalc?lat=21.15&lon=79.09&peakpower=1&loss=14&outputformat=json&raddatabase=PVGIS-ERA5&optimalangles=1
India,Delhi,28.61,77.21,PVOUT_kWh_per_kWp_day,4.71,5.04,5.13,5.04,4.61,4.01,3.2,3.31,3.95,4.84,4.81,4.77,4.44679452,https://re.jrc.ec.europa.eu/api/v5_3/PVcalc?lat=28.61&lon=77.21&peakpower=1&loss=14&outputformat=json&raddatabase=PVGIS-ERA5&optimalangles=1
India,Bengaluru,12.97,77.59,PVOUT_kWh_per_kWp_day,4.98,5.36,5.13,4.66,4.23,3.5,3.11,3.33,3.77,3.97,3.79,4.2,4.16194521,https://re.jrc.ec.europa.eu/api/v5_3/PVcalc?lat=12.97&lon=77.59&peakpower=1&loss=14&outputformat=json&raddatabase=PVGIS-ERA5&optimalangles=1
India,Chennai,13.08,80.27,PVOUT_kWh_per_kWp_day,4.45,4.94,4.96,4.75,4.37,3.72,3.41,3.61,3.89,3.86,3.5,3.74,4.09432877,https://re.jrc.ec.europa.eu/api/v5_3/PVcalc?lat=13.08&lon=80.27&peakpower=1&loss=14&outputformat=json&raddatabase=PVGIS-ERA5&optimalangles=1
India,Kolkata,22.57,88.36,PVOUT_kWh_per_kWp_day,4.72,4.85,4.79,4.47,3.82,3.05,2.64,2.81,3.07,3.73,4.31,4.4,3.88326027,https://re.jrc.ec.europa.eu/api/v5_3/PVcalc?lat=22.57&lon=88.36&peakpower=1&loss=14&outputformat=json&raddatabase=PVGIS-ERA5&optimalangles=1
India,Hyderabad,17.39,78.49,PVOUT_kWh_per_kWp_day,4.93,5.17,4.96,4.57,4.27,3.37,2.78,3.1,3.39,4.12,4.34,4.66,4.13271233,https://re.jrc.ec.europa.eu/api/v5_3/PVcalc?lat=17.39&lon=78.49&peakpower=1&loss=14&outputformat=json&raddatabase=PVGIS-ERA5&optimalangles=1
India,Ahmedabad,23.02,72.57,PVOUT_kWh_per_kWp_day,5.2,5.37,5.23,5.01,4.62,3.61,2.45,2.51,3.51,4.79,4.82,4.91,4.32775342,https://re.jrc.ec.europa.eu/api/v5_3/PVcalc?lat=23.02&lon=72.57&peakpower=1&loss=14&outputformat=json&raddatabase=PVGIS-ERA5&optimalangles=1
India,Jaipur,26.91,75.79,PVOUT_kWh_per_kWp_day,5.0,5.31,5.22,5.07,4.62,3.96,3.13,3.09,3.98,4.89,4.82,4.9,4.49249315,https://re.jrc.ec.europa.eu/api/v5_3/PVcalc?lat=26.91&lon=75.79&peakpower=1&loss=14&outputformat=json&raddatabase=PVGIS-ERA5&optimalangles=1
India,Lucknow,26.85,80.95,PVOUT_kWh_per_kWp_day,4.79,5.13,5.19,5.02,4.56,3.75,2.81,3.05,3.61,4.58,4.8,4.75,4.33131507,https://re.jrc.ec.europa.eu/api/v5_3/PVcalc?lat=26.85&lon=80.95&peakpower=1&loss=14&outputformat=json&raddatabase=PVGIS-ERA5&optimalangles=1
India,Patna,25.59,85.14,PVOUT_kWh_per_kWp_day,4.71,5.11,5.14,4.92,4.36,3.57,2.82,3.07,3.37,4.16,4.59,4.6,4.19405479,https://re.jrc.ec.europa.eu/api/v5_3/PVcalc?lat=25.59&lon=85.14&peakpower=1&loss=14&outputformat=json&raddatabase=PVGIS-ERA5&optimalangles=1
India,Guwahati,26.14,91.74,PVOUT_kWh_per_kWp_day,4.41,4.55,4.47,3.8,3.22,2.62,2.54,2.78,3.12,3.75,4.25,4.22,3.64035616,https://re.jrc.ec.europa.eu/api/v5_3/PVcalc?lat=26.14&lon=91.74&peakpower=1&loss=14&outputformat=json&raddatabase=PVGIS-ERA5&optimalangles=1
India,Kochi,9.93,76.27,PVOUT_kWh_per_kWp_day,4.8,4.96,4.63,3.98,3.16,2.53,2.62,2.87,3.21,3.44,3.6,4.21,3.65934247,https://re.jrc.ec.europa.eu/api/v5_3/PVcalc?lat=9.93&lon=76.27&peakpower=1&loss=14&outputformat=json&raddatabase=PVGIS-ERA5&optimalangles=1
Pakistan,Karachi,24.86,67.01,PVOUT_kWh_per_kWp_day,5.17,5.42,5.37,5.3,4.91,4.19,3.47,3.38,4.27,5.0,5.03,5.08,4.71093151,https://re.jrc.ec.europa.eu/api/v5_3/PVcalc?lat=24.86&lon=67.01&peakpower=1&loss=14&outputformat=json&raddatabase=PVGIS-ERA5&optimalangles=1
Bangladesh,Dhaka,23.81,90.41,PVOUT_kWh_per_kWp_day,4.67,4.87,4.74,4.15,3.39,2.77,2.66,2.89,3.16,3.71,4.3,4.3,3.79454795,https://re.jrc.ec.europa.eu/api/v5_3/PVcalc?lat=23.81&lon=90.41&peakpower=1&loss=14&outputformat=json&raddatabase=PVGIS-ERA5&optimalangles=1
Nepal,Kathmandu,27.72,85.32,PVOUT_kWh_per_kWp_day,4.59,4.71,4.89,4.66,4.04,3.2,2.39,2.72,3.2,4.09,4.33,4.45,3.93419178,https://re.jrc.ec.europa.eu/api/v5_3/PVcalc?lat=27.72&lon=85.32&peakpower=1&loss=14&outputformat=json&raddatabase=PVGIS-ERA5&optimalangles=1
Sri Lanka,Colombo,6.93,79.86,PVOUT_kWh_per_kWp_day,4.27,4.49,4.43,4.01,3.33,3.27,3.41,3.58,3.58,3.55,3.48,3.69,3.75394521,https://re.jrc.ec.europa.eu/api/v5_3/PVcalc?lat=6.93&lon=79.86&peakpower=1&loss=14&outputformat=json&raddatabase=PVGIS-ERA5&optimalangles=1
Indonesia,Jakarta,-6.21,106.85,PVOUT_kWh_per_kWp_day,3.61,3.69,4.0,4.03,3.94,3.81,4.06,4.46,4.7,4.55,4.05,3.62,4.04580822,https://re.jrc.ec.europa.eu/api/v5_3/PVcalc?lat=-6.21&lon=106.85&peakpower=1&loss=14&outputformat=json&raddatabase=PVGIS-ERA5&optimalangles=1
Philippines,Manila,14.6,120.98,PVOUT_kWh_per_kWp_day,3.63,4.07,4.4,4.47,3.95,3.48,3.17,3.32,3.36,3.55,3.68,3.34,3.6969589,https://re.jrc.ec.europa.eu/api/v5_3/PVcalc?lat=14.6&lon=120.98&peakpower=1&loss=14&outputformat=json&raddatabase=PVGIS-ERA5&optimalangles=1
Vietnam,Ho Chi Minh City,10.82,106.63,PVOUT_kWh_per_kWp_day,3.99,4.55,4.6,4.43,3.86,3.58,3.45,3.67,3.5,3.52,3.63,3.69,3.86780822,https://re.jrc.ec.europa.eu/api/v5_3/PVcalc?lat=10.82&lon=106.63&peakpower=1&loss=14&outputformat=json&raddatabase=PVGIS-ERA5&optimalangles=1
Nigeria,Lagos,6.52,3.38,PVOUT_kWh_per_kWp_day,4.56,4.59,4.31,4.2,3.66,2.94,2.87,3.26,3.25,3.84,4.31,4.5,3.85287671,https://re.jrc.ec.europa.eu/api/v5_3/PVcalc?lat=6.52&lon=3.38&peakpower=1&loss=14&outputformat=json&raddatabase=PVGIS-SARAH3&angle=10&aspect=0&usehorizon=0
Kenya,Nairobi,-1.29,36.82,PVOUT_kWh_per_kWp_day,4.67,4.89,4.96,4.44,3.74,3.28,3.07,3.28,3.99,4.31,4.08,4.36,4.08326027,https://re.jrc.ec.europa.eu/api/v5_3/PVcalc?lat=-1.29&lon=36.82&peakpower=1&loss=14&outputformat=json&raddatabase=PVGIS-SARAH3&angle=10&aspect=180&usehorizon=0
Uganda,Kampala,0.35,32.58,PVOUT_kWh_per_kWp_day,4.56,4.65,4.4,3.98,3.58,3.45,3.58,3.65,3.87,4.01,3.98,4.19,3.98813699,https://re.jrc.ec.europa.eu/api/v5_3/PVcalc?lat=0.35&lon=32.58&peakpower=1&loss=14&outputformat=json&raddatabase=PVGIS-SARAH3&angle=10&aspect=0&usehorizon=0
Tanzania,Dar es Salaam,-6.79,39.21,PVOUT_kWh_per_kWp_day,4.53,4.7,4.41,3.65,3.68,3.99,4.09,4.3,4.67,4.85,4.62,4.57,4.33545205,https://re.jrc.ec.europa.eu/api/v5_3/PVcalc?lat=-6.79&lon=39.21&peakpower=1&loss=14&outputformat=json&raddatabase=PVGIS-SARAH3&angle=10&aspect=180&usehorizon=0
Ethiopia,Addis Ababa,9.03,38.75,PVOUT_kWh_per_kWp_day,5.22,5.29,5.0,4.32,4.07,3.57,3.07,3.28,3.67,4.96,5.15,5.25,4.39849315,https://re.jrc.ec.europa.eu/api/v5_3/PVcalc?lat=9.03&lon=38.75&peakpower=1&loss=14&outputformat=json&raddatabase=PVGIS-SARAH3&angle=10&aspect=0&usehorizon=0
Ghana,Accra,5.56,-0.2,PVOUT_kWh_per_kWp_day,4.88,4.98,4.76,4.59,4.08,3.57,3.79,4.02,4.35,4.78,4.87,4.82,4.45378082,https://re.jrc.ec.europa.eu/api/v5_3/PVcalc?lat=5.56&lon=-0.2&peakpower=1&loss=14&outputformat=json&raddatabase=PVGIS-SARAH3&angle=10&aspect=0&usehorizon=0
South Africa,Johannesburg,-26.2,28.05,PVOUT_kWh_per_kWp_day,4.37,4.51,4.41,4.36,4.76,4.75,5.0,5.2,5.43,5.03,4.76,4.52,4.75890411,https://re.jrc.ec.europa.eu/api/v5_3/PVcalc?lat=-26.2&lon=28.05&peakpower=1&loss=14&outputformat=json&raddatabase=PVGIS-SARAH3&angle=26.2&aspect=180&usehorizon=0
Egypt,Cairo,30.04,31.24,PVOUT_kWh_per_kWp_day,4.25,4.62,5.2,5.36,5.25,5.29,5.31,5.38,5.37,4.99,4.57,4.21,4.98328767,https://re.jrc.ec.europa.eu/api/v5_3/PVcalc?lat=30.04&lon=31.24&peakpower=1&loss=14&outputformat=json&raddatabase=PVGIS-SARAH3&angle=30.04&aspect=0&usehorizon=0
Brazil,Sao Paulo,-23.55,-46.63,PVOUT_kWh_per_kWp_day,3.76,4.1,3.98,3.83,3.51,3.34,3.6,3.83,3.95,3.8,3.91,3.9,3.78884932,https://re.jrc.ec.europa.eu/api/v5_3/PVcalc?lat=-23.55&lon=-46.63&peakpower=1&loss=14&outputformat=json&raddatabase=PVGIS-ERA5&optimalangles=1
Mexico,Mexico City,19.43,-99.13,PVOUT_kWh_per_kWp_day,5.13,5.47,5.49,5.15,4.63,4.14,4.12,4.22,4.14,4.55,4.83,5.08,4.74178082,https://re.jrc.ec.europa.eu/api/v5_3/PVcalc?lat=19.43&lon=-99.13&peakpower=1&loss=14&outputformat=json&raddatabase=PVGIS-ERA5&optimalangles=1
USA,New York,40.71,-74.01,PVOUT_kWh_per_kWp_day,3.36,4.02,4.41,4.44,4.17,4.15,4.17,4.06,3.9,3.42,3.3,2.81,3.84835616,https://re.jrc.ec.europa.eu/api/v5_3/PVcalc?lat=40.71&lon=-74.01&peakpower=1&loss=14&outputformat=json&raddatabase=PVGIS-ERA5&optimalangles=1
UK,London,51.51,-0.13,PVOUT_kWh_per_kWp_day,1.49,2.21,3.19,4.13,4.09,4.04,3.91,3.54,3.2,2.38,1.71,1.3,2.93454795,https://re.jrc.ec.europa.eu/api/v5_3/PVcalc?lat=51.51&lon=-0.13&peakpower=1&loss=14&outputformat=json&raddatabase=PVGIS-ERA5&optimalangles=1
Australia,Sydney,-33.87,151.21,PVOUT_kWh_per_kWp_day,4.51,4.43,4.19,4.1,3.9,3.32,3.85,4.42,4.85,4.78,4.64,4.63,4.30249315,https://re.jrc.ec.europa.eu/api/v5_3/PVcalc?lat=-33.87&lon=151.21&peakpower=1&loss=14&outputformat=json&raddatabase=PVGIS-ERA5&angle=33.87&aspect=180&usehorizon=0
USA,Los Angeles,34.05,-118.24,PVOUT_kWh_per_kWp_day,4.09,4.65,5.02,5.35,5.21,5.32,5.27,5.42,5.27,4.86,4.34,3.79,4.88147945,https://re.jrc.ec.europa.eu/api/v5_3/PVcalc?lat=34.05&lon=-118.24&peakpower=1&loss=14&outputformat=json&raddatabase=PVGIS-ERA5&optimalangles=1
USA,Chicago,41.88,-87.63,PVOUT_kWh_per_kWp_day,2.45,3.45,4.2,4.57,4.69,4.74,4.78,4.61,4.12,3.28,2.72,2.13,3.81232877,https://re.jrc.ec.europa.eu/api/v5_3/PVcalc?lat=41.88&lon=-87.63&peakpower=1&loss=14&outputformat=json&raddatabase=PVGIS-ERA5&optimalangles=1
USA,Houston,29.76,-95.37,PVOUT_kWh_per_kWp_day,3.37,3.37,3.96,4.23,4.19,4.15,4.09,4.18,4.01,4.07,3.45,2.97,3.83819178,https://re.jrc.ec.europa.eu/api/v5_3/PVcalc?lat=29.76&lon=-95.37&peakpower=1&loss=14&outputformat=json&raddatabase=PVGIS-ERA5&optimalangles=1
USA,Phoenix,33.45,-112.07,PVOUT_kWh_per_kWp_day,4.57,5.12,5.56,5.78,5.49,5.15,4.7,4.79,5.0,5.12,4.74,4.2,5.01536986,https://re.jrc.ec.europa.eu/api/v5_3/PVcalc?lat=33.45&lon=-112.07&peakpower=1&loss=14&outputformat=json&raddatabase=PVGIS-ERA5&optimalangles=1
USA,Miami,25.76,-80.19,PVOUT_kWh_per_kWp_day,3.81,4.25,4.64,4.76,4.48,4.07,4.26,4.31,4.19,4.01,3.83,3.67,4.18789041,https://re.jrc.ec.europa.eu/api/v5_3/PVcalc?lat=25.76&lon=-80.19&peakpower=1&loss=14&outputformat=json&raddatabase=PVGIS-ERA5&optimalangles=1
USA,Seattle,47.61,-122.33,PVOUT_kWh_per_kWp_day,1.66,2.47,3.22,3.89,4.14,3.97,4.56,4.44,3.93,2.83,1.8,1.38,3.19421918,https://re.jrc.ec.europa.eu/api/v5_3/PVcalc?lat=47.61&lon=-122.33&peakpower=1&loss=14&outputformat=json&raddatabase=PVGIS-ERA5&optimalangles=1
USA,Boston,42.36,-71.06,PVOUT_kWh_per_kWp_day,3.32,4.03,4.42,4.37,4.16,4.02,4.12,4.14,3.94,3.36,3.16,2.74,3.81391781,https://re.jrc.ec.europa.eu/api/v5_3/PVcalc?lat=42.36&lon=-71.06&peakpower=1&loss=14&outputformat=json&raddatabase=PVGIS-ERA5&optimalangles=1
USA,Denver,39.74,-104.99,PVOUT_kWh_per_kWp_day,4.67,5.49,5.64,5.52,5.0,5.0,4.91,5.07,5.18,4.9,4.68,4.3,5.02438356,https://re.jrc.ec.europa.eu/api/v5_3/PVcalc?lat=39.74&lon=-104.99&peakpower=1&loss=14&outputformat=json&raddatabase=PVGIS-ERA5&optimalangles=1
USA,Atlanta,33.75,-84.39,PVOUT_kWh_per_kWp_day,3.59,3.74,4.25,4.62,4.36,4.14,4.01,3.96,4.06,4.04,3.74,3.02,3.9600274,https://re.jrc.ec.europa.eu/api/v5_3/PVcalc?lat=33.75&lon=-84.39&peakpower=1&loss=14&outputformat=json&raddatabase=PVGIS-ERA5&optimalangles=1
USA,Dallas,32.78,-96.8,PVOUT_kWh_per_kWp_day,3.83,3.86,4.21,4.33,4.08,4.36,4.47,4.52,4.33,4.16,3.74,3.36,4.10589041,https://re.jrc.ec.europa.eu/api/v5_3/PVcalc?lat=32.78&lon=-96.8&peakpower=1&loss=14&outputformat=json&raddatabase=PVGIS-ERA5&optimalangles=1
USA,San Francisco,37.77,-122.42,PVOUT_kWh_per_kWp_day,3.41,4.21,4.67,5.44,5.52,5.64,5.7,5.67,5.46,4.69,3.84,3.03,4.77473973,https://re.jrc.ec.europa.eu/api/v5_3/PVcalc?lat=37.77&lon=-122.42&peakpower=1&loss=14&outputformat=json&raddatabase=PVGIS-ERA5&optimalangles=1
USA,Minneapolis,44.98,-93.27,PVOUT_kWh_per_kWp_day,3.19,4.35,4.54,4.42,4.31,4.41,4.6,4.43,4.13,3.46,2.96,2.52,3.93991781,https://re.jrc.ec.europa.eu/api/v5_3/PVcalc?lat=44.98&lon=-93.27&peakpower=1&loss=14&outputformat=json&raddatabase=PVGIS-ERA5&optimalangles=1
